date,strike_ada_funding_ann_pct,hyperliquid_ada_funding_ann_pct
2026-08-28,10.0,-8.1
2026-08-29,9.36,-5.83
2026-08-30,9.11,3.36
2026-08-31,9.87,1.12
2026-09-01,4.2,10.95
2026-09-02,-16.55,9.53
2026-09-03,44.16,10.44
2026-09-04,112.62,10.95
2026-09-05,9.43,4.59
2026-09-06,11.53,-1.91
2026-09-07,9.56,6.71
2026-09-08,3.75,2.99
2026-09-09,13.92,0.96
2026-09-10,40.22,-4.63
2026-09-11,10.43,7.04
2026-09-12,16.86,6.02
2026-09-13,33.94,1.94
2026-09-14,10.27,4.22
2026-09-15,49.92,-22.01
2026-09-16,21.08,-12.22
2026-09-17,-8.86,-6.87
2026-09-18,18.58,10.76
2026-09-19,31.93,10.61
2026-09-20,43.56,5.92
2026-09-21,19.52,13.14
2026-09-22,28.51,16.28
2026-09-23,92.96,10.95
2026-09-24,41.03,8.45
2026-09-25,20.52,11.59
2026-09-26,99.82,11.27
