ada_move_pct,ada_price_usd,ada_below_cr_1.10,ada_below_cr_1.20,ada_below_cr_1.30,ada_below_cr_1.50
0,0.2467,0,1229,185614,229260
-5,0.2344,1229,131518,187353,618553
-10,0.222,1229,186575,219782,620912
-15,0.2097,185614,218937,614967,2771492
-20,0.1974,218927,229260,618579,4048864
-25,0.185,220707,618579,1124302,4733595
-30,0.1727,618553,1064541,4048864,6735811
-35,0.1604,733178,4048864,4733595,8066184
-40,0.148,4048864,4733595,7336251,10467806
-45,0.1357,4733595,7336265,8371226,11856679
-50,0.1234,7678957,8511357,10496615,13466850
