date,collateral_ada,debt_usd
2026-08-29,19658291,1840995
2026-08-30,19665791,1836805
2026-08-31,19665238,1844917
2026-09-01,19665238,1846217
2026-09-02,19655238,1842292
2026-09-03,19648193,1872106
2026-09-04,19685600,1861753
2026-09-05,19683150,1863593
2026-09-06,19654150,1873779
2026-09-07,19658850,1865833
2026-09-08,19658798,1861874
2026-09-09,19657807,1859957
2026-09-10,18780868,1771969
2026-09-11,18709706,1770193
2026-09-12,18765824,1775623
2026-09-13,18765824,1771389
2026-09-14,18649324,1778458
2026-09-15,18650424,1760693
2026-09-16,18670515,1764749
2026-09-17,18321509,1744432
2026-09-18,17698370,1773346
2026-09-19,17672279,1776889
2026-09-20,17673189,1776833
2026-09-21,17539893,1823666
2026-09-22,17473239,1814254
2026-09-23,17445413,1808349
2026-09-24,17444542,1808416
2026-09-25,17445042,1807157
2026-09-26,17452935,1813151
2026-09-27,17453905,1829621
