market,supply_usd,borrow_usd,utilization_pct,supply_apy_pct,borrow_apr_pct
ADA,9124951,3839895,42.081,3.113,5.263
DJED,3318180,3011457,90.756,28.072,38.664
USDM,1971095,1446846,73.403,15.021,25.579
USDCX,999855,917501,91.763,9.585,13.057
USDA,891143,614250,68.928,14.301,25.934
NIGHT,698865,16158,2.312,0.001,0.08
LQ,592195,0,0.0,0.0,0.0
WANUSDT,451880,403154,89.217,22.941,32.142
WANUSDC,432036,388144,89.841,23.264,32.368
USDRF,300250,88159,29.362,1.577,5.97
IUSD,179466,107787,60.06,10.155,21.135
USDCX,160805,15120,9.403,0.111,1.313
LPS-USDCX-USDM,99392,76870,77.341,3.452,5.58
SNEK,80232,38631,48.149,0.643,1.67
WANBTC,68812,33014,47.978,0.639,1.664
SHEN,51919,3408,6.565,0.012,0.226
MIN,35572,18304,51.455,0.735,1.786
IAG,28644,365,1.273,0.0,0.044
