stake_address,paid_ada,withdrawals,first_epoch,last_epoch,kind
stake17xzc8pt7fgf0lc0x7eq6z7z6puhsxmzktna7dluahrj6g6ghh5qjr,569625624,51,575,643,contract
stake1784sdxt6jjennmstphgdu7l7c2scf5d02a6cve2dgn5s2kq5u3j9v,158509512,12,645,650,contract
stake1u99m2kxsvdwlulg4l6qwjrpvayzrzwk0fugnvu3uklfqtws257z0g,50000000,1,624,624,wallet
stake1790c5a0h3qwkxquehkdg746ccaa3hdfzgp7ckx6wzdpp7lq6ysdg0,6900000,1,625,625,contract
stake17x3n2krrld46qms4f4hzqqxzjgaf59u3fecvl6eh8scmaacjqmvjw,4600000,1,635,635,contract
stake178ndhlcfy30t38z0tql64fpg8ply93r37xrgvdagfpsz5nsttyvhp,4057000,1,621,621,contract
stake1790mk0jjjhppr36ethwj8kewpgyrxyc7q6qucl4gqru96dqh6k4q9,2575000,1,621,621,contract
stake1u92flcyspwcp92lmgs0p47vdjrrek96l07cv3v6033wddfc8h620a,2350000,1,645,645,wallet
stake17yezq8wpaqnssdjvd3p220uf7e6nzjae44w6yu625y965rg8en39a,1450000,1,621,621,contract
stake179r8gmryz5wrwvlxm6g4s4u9ssdz656z95hwjnk9rgamedqpl4qd7,1160000,1,621,621,contract
stake178a5gxtm0ynzw80f80rsps3a5dwem43swsekpnctd0wuwxs0hc220,900000,1,621,621,contract
stake17x2x5cv4nlwptph8kxvnyw93pp2sp54dk54dpfp2ax7fkggaj3ty4,800000,1,625,625,contract
stake17xrh74lqhhxgzelfsn0wq5kcm4e5dmluprlcpg5mq30p5yqhgk7k8,500000,1,571,571,contract
stake17xd74ehu0l4d5mx0sfz4fd0r5jvw4v2jqkkfyjxrlwvnkhccrqj9l,300000,1,571,571,contract
stake17xnev6rc25xwz8kg4qae8lq6dcg964z00py5gqgxd387pncv8fq8g,300000,1,571,571,contract
stake178jztxzwynajcp4dva5gy9udmmnwg7ueffvf4c7hpjqhc7gtj5nzz,300000,1,571,571,contract
stake17xrqac8khkprtpp2jz90mpkujjwye8dt6a9sjewrvjudx9ggg4u5y,100000,1,571,571,contract
